Unnamed: 0,ReleaseDate,Movie,RunningTime,Source,Genre,ProductionMethod,CreativeType,ProductionCompanies,ProductionCountries,Languages,ProductionBudget,DomesticGross,WorldwideGross
1,Apr 23 2019,Avengers: Endgame,181 minutes,Based on Comic/Graphic Novel,Action,Animation/Live Action,Super Hero,Marvel Studios,United States,English,400000000,858373000,2797800564
2,May 20 2011,Pirates of the Caribbean: On Stranger Tides,136 minutes,Based on Theme Park Ride,Adventure,Live Action,Historical Fiction,Walt Disney Pictures,United States,English,379000000,241071802,1045713802
3,Apr 22 2015,Avengers: Age of Ultron,141 minutes,Based on Comic/Graphic Novel,Action,Animation/Live Action,Super Hero,Marvel Studios,United States,English,365000000,459005868,1395316979
4,Dec 16 2015,Star Wars Ep. VII: The Force Awakens,136 minutes,Original Screenplay,Adventure,Animation/Live Action,Science Fiction,"Lucasfilm, Bad Robot",United States,English,306000000,936662225,2064615817
5,Apr 25 2018,Avengers: Infinity War,156 minutes,Based on Comic/Graphic Novel,Action,Animation/Live Action,Super Hero,Marvel Studios,United States,English,300000000,678815482,2048359754
6,May 24 2007,Pirates of the Caribbean: At Worldâs End,167 minutes,Based on Theme Park Ride,Adventure,Live Action,Historical Fiction,"Walt Disney Pictures, Jerry Bruckheimer",United States,English,300000000,309420425,960996492
7,Nov 13 2017,Justice League,121 minutes,Based on Comic/Graphic Novel,Action,Live Action,Super Hero,"DC Films, RatPac Entertainment, Atlas Entertainment, Cruel and Unusual Films",United States,English,300000000,229024295,655945209
8,Oct 6 2015,Spectre,148 minutes,Based on Fiction Book/Short Story,Action,Live Action,Contemporary Fiction,Eon Productions,"United Kingdom, United States",English,300000000,200074175,879500760
10,Dec 18 2019,Star Wars: The Rise of Skywalker,142 minutes,Original Screenplay,Adventure,Animation/Live Action,Science Fiction,"Lucasfilm, Bad Robot, Walt Disney Pictures",United States,English,275000000,515202542,1072848487
11,May 23 2018,Solo: A Star Wars Story,135 minutes,Spin-Off,Adventure,Animation/Live Action,Science Fiction,Lucasfilm,United States,English,275000000,213767512,393151347
12,Mar 7 2012,John Carter,132 minutes,Based on Fiction Book/Short Story,Adventure,Live Action,Science Fiction,"Walt Disney Pictures, Jim Morris",United States,"Apache, English",263700000,73058679,282778100
13,Mar 23 2016,Batman v Superman: Dawn of Justice,151 minutes,Based on Comic/Graphic Novel,Action,Live Action,Super Hero,"Warner Bros., RatPac Entertainment, Dune Entertainment, Atlas Entertainment, Cruel and Unusual Films",United States,English,263000000,330360194,872395091
14,Dec 13 2017,Star Wars Ep. VIII: The Last Jedi,150 minutes,Original Screenplay,Adventure,Animation/Live Action,Science Fiction,"Lucasfilm, Walt Disney Pictures",United States,English,262000000,620181382,1331635141
15,Jul 11 2019,The Lion King,118 minutes,Remake,Adventure,Animation/Live Action,Kids Fiction,"Walt Disney Pictures, Fairview Entertainment",United States,English,260000000,543638043,1651023152
16,Nov 24 2010,Tangled,101 minutes,Based on Folk Tale/Legend/Fairytale,Musical,Digital Animation,Kids Fiction,Walt Disney Animation Studios,United States,English,260000000,200821936,584899819
17,May 4 2007,Spider-Man 3,139 minutes,Based on Comic/Graphic Novel,Adventure,Live Action,Super Hero,"Columbia Pictures, Marvel Studios, Laura Ziskin Productions",United States,English,258000000,336530303,894860230
18,Apr 22 2016,Captain America: Civil War,146 minutes,Based on Comic/Graphic Novel,Action,Live Action,Super Hero,Marvel Studios,United States,English,250000000,408084349,1151918521
19,Jul 15 2009,Harry Potter and the Half-Blood Prince,153 minutes,Based on Fiction Book/Short Story,Adventure,Animation/Live Action,Fantasy,Heyday Films,"United Kingdom, United States",English,250000000,302089278,929411069
20,Dec 12 2013,The Hobbit: The Desolation of Smaug,201 minutes,Based on Fiction Book/Short Story,Adventure,Animation/Live Action,Fantasy,Wingnut Films,"New Zealand, United States",English,250000000,258241522,959358436
21,Dec 10 2014,The Hobbit: The Battle of the Five Armies,144 minutes,Based on Fiction Book/Short Story,Adventure,Animation/Live Action,Fantasy,"New Line Cinema, Wingnut Films, Metro-Goldwyn-Mayer Pictures","New Zealand, United States",English,250000000,255119788,940389558
22,Apr 7 2017,The Fate of the Furious,136 minutes,Original Screenplay,Action,Live Action,Contemporary Fiction,"Universal Pictures, Original Film, One Race Films",United States,English,250000000,225764765,1236703796
23,Sep 29 2021,No Time to Die,163 minutes,Based on Fiction Book/Short Story,Action,Live Action,Contemporary Fiction,"Eon Productions, Metro-Goldwyn-Mayer Pictures","United Kingdom, United States",English,250000000,160891007,760839661
24,Dec 17 2009,Avatar,162 minutes,Original Screenplay,Action,Animation/Live Action,Science Fiction,"Dune Entertainment, 20th Century Fox, Ingenious Film Partners",United States,"English, Na'vi",237000000,760507625,2845899541
25,Jun 28 2006,Superman Returns,150 minutes,Based on Comic/Graphic Novel,Adventure,Live Action,Super Hero,"Warner Bros., Legendary Pictures, Jon Peters, Bad Hat Harry Productions",United States,English,232000000,200120000,391081192
26,Jul 19 2012,The Dark Knight Rises,164 minutes,Based on Comic/Graphic Novel,Action,Live Action,Super Hero,"Warner Bros., Legendary Pictures, Syncopy",United States,English,230000000,448139099,1082228107
27,May 23 2017,Pirates of the Caribbean: Dead Men Tell No Tales,135 minutes,Based on Theme Park Ride,Adventure,Animation/Live Action,Historical Fiction,"Walt Disney Pictures, Jerry Bruckheimer Films",United States,English,230000000,172558876,794861794
28,Nov 14 2008,Quantum of Solace,106 minutes,Based on Fiction Book/Short Story,Action,Live Action,Contemporary Fiction,"Eon Productions, Metro-Goldwyn-Mayer Pictures, Columbia Pictures","United Kingdom, United States",English,230000000,169368427,591692078
29,Apr 25 2012,The Avengers,143 minutes,Based on Comic/Graphic Novel,Action,Animation/Live Action,Super Hero,"Marvel Studios, Paramount Pictures",United States,English,225000000,623357910,1515100211
30,Jul 6 2006,Pirates of the Caribbean: Dead Manâs Chest,151 minutes,Based on Theme Park Ride,Adventure,Live Action,Historical Fiction,"Walt Disney Pictures, Jerry Bruckheimer",United States,English,225000000,423315812,1066179725
31,Jun 14 2013,Man of Steel,142 minutes,Based on Comic/Graphic Novel,Action,Live Action,Super Hero,"Warner Bros., Legendary Pictures, Syncopy",United States,English,225000000,291045518,667999518
32,May 16 2008,The Chronicles of Narnia: Prince Caspian,144 minutes,Based on Fiction Book/Short Story,Adventure,Animation/Live Action,Fantasy,"Walt Disney Pictures, Walden Media, Mark Johnson, Silverbell Films",United States,English,225000000,141621490,417341288
33,Jul 2 2013,The Lone Ranger,149 minutes,Based on TV,Western,Live Action,Historical Fiction,"Walt Disney Pictures, Jerry Bruckheimer, Blind Wink, Infinitum Nihil",United States,English,225000000,89302115,260002115
34,Jun 27 2012,The Amazing Spider-Man,136 minutes,Based on Comic/Graphic Novel,Adventure,Live Action,Super Hero,"Columbia Pictures, Marvel Studios",United States,English,220000000,262030663,757890267
35,Apr 11 2012,Battleship,130 minutes,Based on Game,Action,Live Action,Contemporary Fiction,"Universal Pictures, Hasbro Studios, Bluegrass Films, Film 44",United States,English,220000000,65233400,313477717
36,Jun 20 2017,Transformers: The Last Knight,148 minutes,Based on TV,Action,Animation/Live Action,Science Fiction,"di Bonaventura Pictures, Paramount Pictures, Hasbro Studios",United States,English,217000000,130168683,602893340
37,Jun 9 2015,Jurassic World,124 minutes,Based on Fiction Book/Short Story,Action,Live Action,Science Fiction,"Universal Pictures, Amblin Entertainment, Legendary Pictures",United States,English,215000000,652306625,1669979967
38,May 23 2012,Men in Black 3,104 minutes,Based on Comic/Graphic Novel,Adventure,Animation/Live Action,Science Fiction,"Columbia Pictures, Hemisphere Media Capital, Amblin Entertainment, Parkes+Macdonald Productions, Image Nation",United States,English,215000000,179020854,654213485
39,Jun 24 2009,Transformers: Revenge of the Fallen,149 minutes,Based on TV,Action,Animation/Live Action,Science Fiction,"DreamWorks Pictures, Paramount Pictures, Hasbro Studios, di Bonaventura Pictures, Tom DeSanto, Don Murphy",United States,English,210000000,402111870,836519699
40,Jun 25 2014,Transformers: Age of Extinction,165 minutes,Based on TV,Action,Animation/Live Action,Science Fiction,"di Bonaventura Pictures, Tom DeSanto, Don Murphy",United States,English,210000000,245439076,1104054072
41,May 26 2006,X-Men: The Last Stand,104 minutes,Based on Comic/Graphic Novel,Action,Live Action,Super Hero,20th Century Fox,United States,English,210000000,234362462,459260946
42,May 14 2010,Robin Hood,139 minutes,Based on Folk Tale/Legend/Fairytale,Action,Live Action,Historical Fiction,"United Artists, Fairbanks","United Kingdom, United States",English,210000000,105487148,322459006
43,Dec 14 2005,King Kong,189 minutes,Remake,Adventure,Animation/Live Action,Fantasy,Wingnut Films,"New Zealand, United States",English,207000000,218080025,550517357
44,Dec 7 2007,The Golden Compass,113 minutes,Based on Fiction Book/Short Story,Adventure,Live Action,Fantasy,"New Line Cinema, Ingenious Film Partners, Scholastic Entertainment Inc., Depth of Field",United Kingdom,English,205000000,70107728,367262558
45,Aug 26 2020,Tenet,110 minutes,Original Screenplay,Action,Live Action,Science Fiction,"Syncopy, Warner Bros.","United Kingdom, United States",English,205000000,58504105,362450957
46,Dec 14 2021,Spider-Man: No Way Home,148 minutes,Based on Comic/Graphic Novel,Action,Live Action,Super Hero,"Marvel Studios, Pascal Pictures, Columbia Pictures",United States,English,200000000,804617772,1886306016
47,Feb 13 2018,Black Panther,120 minutes,Based on Comic/Graphic Novel,Action,Live Action,Super Hero,Marvel Studios,United States,English,200000000,700059566,1336494321
48,Dec 18 1997,Titanic,194 minutes,Original Screenplay,Drama,Live Action,Historical Fiction,"20th Century Fox, Paramount Pictures, Lightstorm Entertainment",United States,"English, Italian, Swedish",200000000,659363944,2207986545
49,Jun 15 2018,Incredibles 2,118 minutes,Original Screenplay,Adventure,Digital Animation,Kids Fiction,Disney-Pixar,United States,English,200000000,608581744,1242805359
50,Dec 14 2016,Rogue One: A Star Wars Story,134 minutes,Spin-Off,Adventure,Animation/Live Action,Science Fiction,Lucasfilm,United States,English,200000000,532177324,1055135598
51,Jun 16 2016,Finding Dory,103 minutes,Original Screenplay,Adventure,Digital Animation,Kids Fiction,Disney-Pixar,United States,English,200000000,486295561,1025006125
52,Jun 20 2019,Toy Story 4,89 minutes,Original Screenplay,Adventure,Digital Animation,Kids Fiction,Disney-Pixar,United States,English,200000000,434038008,1073080329
53,Jun 18 2010,Toy Story 3,102 minutes,Original Screenplay,Adventure,Digital Animation,Kids Fiction,"Walt Disney Pictures, Disney-Pixar",United States,English,200000000,415004880,1068879522
54,Apr 24 2013,Iron Man 3,130 minutes,Based on Comic/Graphic Novel,Action,Animation/Live Action,Super Hero,"Marvel Studios, Paramount Pictures, DMG Entertainment",United States,English,200000000,408992272,1215392272
55,May 4 2022,Doctor Strange in the Multiverse of Madness,126 minutes,Based on Comic/Graphic Novel,Action,Live Action,Super Hero,Marvel Studios,United States,English,200000000,405333340,941783219
56,Apr 28 2017,Guardians of the Galaxy Vol 2,136 minutes,Based on Comic/Graphic Novel,Action,Animation/Live Action,Super Hero,Marvel Studios,United States,English,200000000,389813101,869113101
57,Jun 30 2004,Spider-Man 2,127 minutes,Based on Comic/Graphic Novel,Adventure,Live Action,Super Hero,"Columbia Pictures, Marvel Studios, Laura Ziskin Productions",United States,English,200000000,373524485,794697557
58,Mar 1 2022,The Batman,175 minutes,Based on Comic/Graphic Novel,Action,Live Action,Super Hero,"6th and Idaho, Dylan Clark Productions, Warner Bros.",United States,English,200000000,369345583,768891083
59,Mar 4 2010,Alice in Wonderland,108 minutes,Based on Fiction Book/Short Story,Adventure,Animation/Live Action,Fantasy,"Walt Disney Pictures, Roth Films, Zancuk Company",United States,English,200000000,334191110,1025491110
60,Oct 26 2012,Skyfall,143 minutes,Based on Fiction Book/Short Story,Action,Live Action,Contemporary Fiction,"Eon Productions, B23, Metro-Goldwyn-Mayer Pictures, Columbia Pictures","United Kingdom, United States",English,200000000,304360277,1110526981
61,Dec 11 2012,The Hobbit: An Unexpected Journey,169 minutes,Based on Fiction Book/Short Story,Adventure,Animation/Live Action,Fantasy,"New Line Cinema, Metro-Goldwyn-Mayer Pictures, Wingnut Films","New Zealand, United States",English,200000000,303003568,1014938545
62,Jun 21 2013,Monsters University,102 minutes,Original Screenplay,Adventure,Digital Animation,Kids Fiction,"Disney-Pixar, Walt Disney Pictures",United States,English,200000000,268488329,743455810
63,Mar 8 2013,Oz the Great and Powerful,130 minutes,Spin-Off,Adventure,Animation/Live Action,Fantasy,"Walt Disney Pictures, Roth Films, Curtis-Donen Productions",United States,English,200000000,234770996,490359051
64,May 21 2014,X-Men: Days of Future Past,131 minutes,Based on Comic/Graphic Novel,Action,Live Action,Super Hero,"Bad Hat Harry Productions, Donnersâ Company, Simon Kinberg, Ingenious Media",United States,English,200000000,233921534,747862775
65,Apr 16 2014,The Amazing Spider-Man 2,141 minutes,Based on Comic/Graphic Novel,Action,Live Action,Super Hero,Marvel Studios,United States,English,200000000,202853933,708996336
66,Jun 23 2011,Cars 2,107 minutes,Original Screenplay,Adventure,Digital Animation,Kids Fiction,"Disney-Pixar, Walt Disney Pictures",United States,English,200000000,191450875,560155383
67,Jul 7 2021,Black Widow,133 minutes,Based on Comic/Graphic Novel,Action,Live Action,Super Hero,Marvel Studios,United States,English,200000000,183651655,379751655
68,Jul 31 2019,Fast & Furious Presents: Hobbs & Shaw,134 minutes,Spin-Off,Action,Live Action,Contemporary Fiction,"Seven Bucks Productions, Chris Morgan Productions, Universal Pictures",United States,English,200000000,173956935,760381706
69,May 20 2021,F9: The Fast Saga,145 minutes,Original Screenplay,Action,Live Action,Contemporary Fiction,"One Race Films, Perfect Storm Entertainment, Original Film, Universal Pictures, Roth Kirschenbaum Films",United States,English,200000000,173005945,721077945
70,Dec 17 2010,Tron: Legacy,125 minutes,Original Screenplay,Adventure,Live Action,Science Fiction,Walt Disney Pictures,United States,English,200000000,172062763,399866199
71,Nov 12 2009,2012,158 minutes,Original Screenplay,Action,Live Action,Science Fiction,"Centropolis Entertainment, Columbia Pictures",United States,English,200000000,166112167,757677748
72,Nov 3 2021,Eternals,156 minutes,Based on Comic/Graphic Novel,Action,Live Action,Super Hero,Marvel Studios,United States,English,200000000,164870264,402064929
73,Nov 14 2018,Fantastic Beasts: The Crimes of Grindelwald,134 minutes,Spin-Off,Adventure,Animation/Live Action,Fantasy,"Heyday Films, Warner Bros.","United Kingdom, United States",English,200000000,159555901,648455339
74,May 21 2009,Terminator Salvation,116 minutes,Original Screenplay,Action,Live Action,Science Fiction,"Halcyon Company, Moritz Borman, Wonderland Sound and Vision",United States,English,200000000,125322469,365491792
75,Jul 28 2021,Jungle Cruise,90 minutes,Based on Theme Park Ride,Adventure,Animation/Live Action,Historical Fiction,"Seven Bucks Productions, Davis Entertainment, Flynn Picture Company, Walt Disney Pictures",United States,English,200000000,116987516,210384144
76,Jun 17 2011,Green Lantern,113 minutes,Based on Comic/Graphic Novel,Action,Animation/Live Action,Super Hero,"De Line Pictures, Warner Bros.",United States,English,200000000,116601172,219535492
78,May 28 2010,Prince of Persia: Sands of Time,115 minutes,Based on Game,Action,Live Action,Fantasy,"Walt Disney Pictures, Jerry Bruckheimer",United States,English,200000000,90759676,336359676
79,Jun 5 2019,Dark Phoenix,114 minutes,Based on Fiction Book/Short Story,Action,Live Action,Super Hero,"Marvel Studios, Kinberg Genre, Twentieth Century Fox, Hutch Parker",United States,English,200000000,65845974,246356895
80,Feb 28 2020,Onward,114 minutes,Original Screenplay,Adventure,Digital Animation,Kids Fiction,"Walt Disney Pictures, Disney-Pixar",United States,English,200000000,61555145,133317030
81,Jun 15 2022,Lightyear,110 minutes,Spin-Off,Adventure,Digital Animation,Kids Fiction,"Walt Disney Pictures, Disney-Pixar",United States,English,200000000,50577961,85177961
82,Dec 16 2020,Wonder Woman 1984,151 minutes,Based on Comic/Graphic Novel,Action,Live Action,Super Hero,"Atlas Entertainment, Stone Quarry, Warner Bros.",United States,English,200000000,46801036,166360232
83,Sep 4 2020,Mulan,115 minutes,Remake,Adventure,Live Action,Historical Fiction,"Walt Disney Pictures, Benderspink Productions","China, United States",English,200000000,0,69965374
84,Jul 2 2021,The Tomorrow War,140 minutes,Original Screenplay,Action,Live Action,Science Fiction,"Skydance Productions, Phantom Four, Lit Entertainment Group, New Republic Pictures",United States,English,200000000,0,19220000
86,Jun 29 2011,Transformers: Dark of the Moon,154 minutes,Based on TV,Action,Animation/Live Action,Science Fiction,"Paramount Pictures, di Bonaventura Pictures, Hasbro Studios",United States,English,195000000,352390543,1123794079
87,Jun 2 2017,The Mummy,107 minutes,Based on Folk Tale/Legend/Fairytale,Adventure,Live Action,Historical Fiction,"Universal Pictures, Perfect World Pictures, Secret Hideout, Conspiracy Factory, Sean Daniel Company",United States,English,195000000,80101125,409953905
88,Feb 27 2013,Jack the Giant Slayer,113 minutes,Based on Folk Tale/Legend/Fairytale,Adventure,Animation/Live Action,Fantasy,"New Line Cinema, Legendary Pictures, Original Film, Big Kid Pictures, Bad Hat Harry Productions, Bryan Singer",United States,English,195000000,65187603,197687603
89,Apr 1 2015,Furious 7,137 minutes,Original Screenplay,Action,Live Action,Contemporary Fiction,"Original Film, One Race Films, Universal Pictures, MRC, China Film Company, Dentsu Inc.",United States,English,190000000,353007020,1514553486
90,May 16 2013,Star Trek Into Darkness,132 minutes,Based on TV,Adventure,Live Action,Science Fiction,"Bad Robot, Skydance Productions, Paramount Pictures",United States,"English, Klingon",190000000,228778661,467381584
91,Jun 19 2013,World War Z,115 minutes,Based on Fiction Book/Short Story,Action,Live Action,Science Fiction,"Skydance Productions, Hemisphere Media Capital, GK Films, Plan B Entertainment, 2Dux2",United States,English,190000000,202706711,531861650
92,May 10 2013,The Great Gatsby,141 minutes,Based on Fiction Book/Short Story,Drama,Live Action,Historical Fiction,"Warner Bros., Village Roadshow Productions, A&E Indiefilms, Bazmark, Red Wagon Entertainment",United States,English,190000000,144840419,353640419
93,Nov 6 2009,Disneyâs A Christmas Carol,95 minutes,Remake,Drama,Digital Animation,Fantasy,"ImageMovers, Walt Disney Pictures",United States,English,190000000,137855863,315709697
94,Jul 11 2013,Pacific Rim,131 minutes,Original Screenplay,Action,Live Action,Science Fiction,"Warner Bros., Legendary Pictures, Guillermo del Toro, DDY",United States,"Cantonese, English, Japanese",190000000,101802906,411002906
95,Dec 16 2021,The Matrix Resurrections,148 minutes,Original Screenplay,Action,Live Action,Science Fiction,"Village Roadshow Productions, Warner Bros., Venus Castina Productions","Australia, United States",English,190000000,37686805,156467817
96,Nov 25 2015,The Good Dinosaur,92 minutes,Original Screenplay,Adventure,Digital Animation,Kids Fiction,Disney-Pixar,United States,English,187500000,123087120,333771037
97,May 2 2008,Iron Man,126 minutes,Based on Comic/Graphic Novel,Adventure,Live Action,Super Hero,"Paramount Pictures, Marvel Studios, Fairview Entertainment",United States,English,186000000,318604126,585171547
98,Jul 11 2008,The Dark Knight,152 minutes,Based on Comic/Graphic Novel,Action,Live Action,Super Hero,"Legendary Pictures, Warner Bros., Syncopy",United States,"English, Mandarin",185000000,533720947,998615789
99,May 22 2008,Indiana Jones and the Kingdom of the Crystal Skull,123 minutes,Original Screenplay,Adventure,Live Action,Historical Fiction,Lucasfilm,United States,"English, German, Russian",185000000,317101119,786635413
100,Jun 21 2012,Brave,93 minutes,Original Screenplay,Adventure,Digital Animation,Kids Fiction,Disney-Pixar,United States,English,185000000,237282182,554606532
101,Feb 23 2017,Kong: Skull Island,118 minutes,Original Screenplay,Adventure,Live Action,Science Fiction,"Legendary Pictures, Warner Bros., Tencent Pictures",United States,English,185000000,168052812,561072059
102,Jul 21 2016,Star Trek Beyond,122 minutes,Based on TV,Adventure,Live Action,Science Fiction,"Sneaky Shark, Paramount Pictures, Bad Robot, Skydance Productions, Perfect Storm Entertainment",United States,English,185000000,158848340,335673708
103,Oct 17 2019,Maleficent: Mistress of Evil,118 minutes,Original Screenplay,Adventure,Live Action,Fantasy,"Walt Disney Pictures, Roth Films",United States,English,185000000,113929605,489346495
104,Sep 29 2017,Blade Runner 2049,164 minutes,Based on Fiction Book/Short Story,Thriller/Suspense,Live Action,Science Fiction,"Alcon Entertainment, Thunderbird Films, Columbia Pictures, Ridley Scott Associates, Bud Yorkin, Torridon Films, 16:14 Entertainment",United States,English,185000000,92054159,258829058
105,Oct 25 2019,Terminator: Dark Fate,128 minutes,Original Screenplay,Action,Animation/Live Action,Science Fiction,"Paramount Pictures, Skydance Productions, Twentieth Century Fox, Tencent Pictures , TSG Entertainment, Lightstorm Entertainment",United States,English,185000000,62253077,250372367
106,Jul 28 2021,The Suicide Squad,132 minutes,Based on Comic/Graphic Novel,Action,Live Action,Super Hero,"Warner Bros., Atlas Entertainment",United States,English,185000000,55817425,167120232
107,May 22 2019,Aladdin,128 minutes,Remake,Adventure,Animation/Live Action,Fantasy,"Walt Disney Pictures, Rideback","India, United States",English,182000000,355559216,1046649706
108,Oct 25 2017,Thor: Ragnarok,130 minutes,Based on Comic/Graphic Novel,Action,Live Action,Super Hero,Marvel Studios,United States,English,180000000,315058289,850482778
109,Dec 9 2005,The Chronicles of Narnia: The Lion the Witch aâ¦,140 minutes,Based on Fiction Book/Short Story,Adventure,Animation/Live Action,Fantasy,"Walt Disney Pictures, Walden Media, Mark Johnson","United Kingdom, United States",English,180000000,291710957,720539572
110,May 28 2014,Maleficent,97 minutes,Spin-Off,Adventure,Live Action,Fantasy,Roth Films,United States,English,180000000,241407328,758536735
111,Nov 14 2016,Fantastic Beasts and Where to Find Them,133 minutes,Spin-Off,Adventure,Animation/Live Action,Fantasy,"Warner Bros., Heyday Films",United States,English,180000000,234037575,811724385
112,Jun 27 2008,WALL-E,100 minutes,Original Screenplay,Adventure,Digital Animation,Science Fiction,"Disney-Pixar, Walt Disney Pictures",United States,English,180000000,223808164,532508025
113,Aug 10 2007,Rush Hour 3,91 minutes,Original Screenplay,Action,Live Action,Contemporary Fiction,"New Line Cinema, Arthur Sarkissian, Roger Birnbaum",United States,"Cantonese, English, French, Japanese",180000000,140125968,256585882
114,Jun 27 2016,The Legend of Tarzan,110 minutes,Based on Fiction Book/Short Story,Adventure,Live Action,Historical Fiction,"Warner Bros., Village Roadshow Productions, RatPac Entertainment, Dune Entertainment, Jerry Weintraub, Riche-Ludwig, Beaglepug",United States,English,180000000,126643061,348902025
115,Nov 23 2011,Hugo,126 minutes,Based on Fiction Book/Short Story,Adventure,Animation/Live Action,Fantasy,"GK Films, Infinitum Nihil","United Kingdom, United States",English,180000000,73864507,180047784
116,Jul 20 2017,Valerian and the City of a Thousand Planets,129 minutes,Based on Comic/Graphic Novel,Adventure,Animation/Live Action,Science Fiction,"EuropaCorp, Fundamental Films, BNP Paribas Film Fund, River Road Entertainment, Belga Films, Valerian S.A.S., TF1 Film Productions, OCS., Orange Studio, Universum Film, Novo Pictures",France,English,180000000,40479370,215098356
117,Feb 6 2015,Jupiter Ascending,127 minutes,Original Screenplay,Action,Live Action,Science Fiction,"Warner Bros., Village Roadshow Productions, Anarchos Productions, RatPac Entertainment, Dune Entertainment",United States,English,179000000,47482519,181982519
118,Jul 16 2018,Mission: ImpossibleâFallout,147 minutes,Based on TV,Action,Live Action,Contemporary Fiction,"Skydance Productions, Bad Robot, Paramount Pictures",United States,English,178000000,220159104,787176729
119,May 18 2016,X-Men: Apocalypse,136 minutes,Based on Comic/Graphic Novel,Action,Live Action,Super Hero,"Twentieth Century Fox, Marvel Studios, TSG Entertainment, Bad Hat Harry Productions, Kinberg Genre, Hutch Parker, Donnersâ Company",United States,English,178000000,155442489,542537546
120,Aug 9 2018,The Meg,113 minutes,Based on Fiction Book/Short Story,Action,Live Action,Science Fiction,"Warner Bros., Gravity Pictures, Flagship Entertainment, Apelles Entertainment, di Bonaventura Pictures, Maeday Productions, On a Roll Productions",United States,English,178000000,145443742,527370715
121,May 28 2014,Edge of Tomorrow,136 minutes,Based on Comic/Graphic Novel,Action,Live Action,Science Fiction,"Warner Bros., Village Roadshow Productions, RatPac Entertainment, Dune Entertainment",United States,English,178000000,100206256,367028980
122,Mar 6 2019,Captain Marvel,124 minutes,Based on Comic/Graphic Novel,Action,Animation/Live Action,Super Hero,Marvel Studios,United States,English,175000000,426829839,1129727388
123,Apr 7 2016,The Jungle Book,105 minutes,Based on Fiction Book/Short Story,Adventure,Animation/Live Action,Fantasy,"Walt Disney Pictures, Fairview Entertainment",United States,English,175000000,364001123,953554418
124,Jun 12 2015,Inside Out,95 minutes,Original Screenplay,Adventure,Digital Animation,Kids Fiction,Disney-Pixar,United States,English,175000000,356461711,852830107
125,Jul 5 2017,Spider-Man: Homecoming,133 minutes,Based on Comic/Graphic Novel,Action,Live Action,Super Hero,"Marvel Studios, Columbia Pictures, LStar Capital",United States,English,175000000,334201140,878346440
126,Aug 2 2016,Suicide Squad,123 minutes,Based on Comic/Graphic Novel,Action,Animation/Live Action,Super Hero,"Warner Bros., RatPac Entertainment, Dune Entertainment, Atlas Entertainment",United States,English,175000000,325100054,745744980
127,May 28 2009,Up,89 minutes,Original Screenplay,Adventure,Digital Animation,Fantasy,"Walt Disney Pictures, Disney-Pixar",United States,English,175000000,293004164,731463377
128,Oct 27 2017,Coco,105 minutes,Based on Folk Tale/Legend/Fairytale,Musical,Digital Animation,Kids Fiction,"Disney-Pixar, Walt Disney Pictures",United States,English,175000000,210460015,797666425
129,Nov 21 2018,Ralph Breaks The Internet,112 minutes,Original Screenplay,Adventure,Digital Animation,Kids Fiction,"Walt Disney Pictures, Walt Disney Animation Studios",United States,English,175000000,201091711,529290830
130,Mar 27 2009,Monsters vs. Aliens,95 minutes,Based on Comic/Graphic Novel,Adventure,Digital Animation,Kids Fiction,DreamWorks Animation,United States,English,175000000,198351526,381687380
131,Jun 16 2017,Cars 3,109 minutes,Original Screenplay,Adventure,Digital Animation,Kids Fiction,"Disney-Pixar, Walt Disney Pictures",United States,English,175000000,152901115,383541369
132,Aug 7 2009,G.I. Joe: The Rise of Cobra,118 minutes,Based on Toy,Action,Animation/Live Action,Contemporary Fiction,"di Bonaventura Pictures, Paramount Pictures, Spyglass Entertainment, Hasbro Studios",United States,English,175000000,150201498,302469017
133,Jun 30 1999,Wild Wild West,107 minutes,Based on TV,Adventure,Live Action,Historical Fiction,"Peters Entertainment, Sonnenfeld-Joseph",United States,English,175000000,113805681,221229335
134,Aug 1 2008,The Mummy: Tomb of the Dragon Emperor,111 minutes,Remake,Adventure,Live Action,Fantasy,"Universal Pictures, Relativity Media, Sommers Company, Alphaville","Canada, Germany, United States",English,175000000,102491776,405760225
135,Jun 22 2007,Evan Almighty,96 minutes,Original Screenplay,Comedy,Live Action,Fantasy,"Relativity Media, Spyglass Entertainment",United States,English,175000000,100289690,174131329
136,Jul 28 1995,Waterworld,135 minutes,Original Screenplay,Action,Live Action,Science Fiction,Universal Pictures,United States,English,175000000,88246220,264246220
137,Jan 8 2020,Dolittle,103 minutes,Based on Fiction Book/Short Story,Adventure,Animation/Live Action,Kids Fiction,"Team Downey, Universal Pictures, Perfect World Pictures, Roth Kirschenbaum Films",United States,English,175000000,77047065,251410631
138,May 11 2017,King Arthur: Legend of the Sword,126 minutes,Based on Folk Tale/Legend/Fairytale,Adventure,Live Action,Fantasy,"Weed Road Pictures, Warner Bros., Village Roadshow Productions, RatPac Entertainment, Dune Entertainment, Safehouse Pictures","Australia, United States",English,175000000,39175066,139630336
139,Dec 6 2013,47 Ronin,127 minutes,Original Screenplay,Action,Live Action,Fantasy,"Relativity Media, Bluegrass Films",United States,"English, Japanese",175000000,38362475,151716815
140,Mar 10 2022,Turning Red,100 minutes,Original Screenplay,Adventure,Digital Animation,Science Fiction,Disney-Pixar,"Canada, United States",English,175000000,0,11083409
141,May 20 2022,Top Gun: Maverick,131 minutes,Original Screenplay,Action,Live Action,Contemporary Fiction,"Jerry Bruckheimer Films, Skydance Productions, Don Simpson, Paramount Pictures",United States,English,170000000,466167545,885167545
142,Jun 6 2018,Jurassic World: Fallen Kingdom,128 minutes,Based on Fiction Book/Short Story,Action,Live Action,Science Fiction,"Universal Pictures, Amblin Entertainment, The Kennedy/Marshall Company, Legendary Pictures, Perfect World Pictures",United States,English,170000000,417719760,1308334005
143,Jul 31 2014,Guardians of the Galaxy,121 minutes,Based on Comic/Graphic Novel,Action,Animation/Live Action,Super Hero,Marvel Studios,United States,English,170000000,333714112,770882395
144,May 7 2010,Iron Man 2,125 minutes,Based on Comic/Graphic Novel,Action,Live Action,Super Hero,"Paramount Pictures, Marvel Studios, Fairview Entertainment",United States,English,170000000,312433331,621156389
145,Mar 28 2014,Captain America: The Winter Soldier,135 minutes,Based on Comic/Graphic Novel,Action,Live Action,Super Hero,Marvel Studios,United States,"English, French, German",170000000,259746958,714401889
146,Jul 9 2014,Dawn of the Planet of the Apes,130 minutes,Remake,Adventure,Animation/Live Action,Science Fiction,"Chernin Entertainment, TSG Entertainment, Ingenious Media",United States,English,170000000,208545589,710644566
147,Nov 10 2004,The Polar Express,92 minutes,Based on Fiction Book/Short Story,Adventure,Digital Animation,Kids Fiction,"Playtone, ImageMovers, Golden Mean, Castle Rock Entertainment, Shangri-La Entertainment",United States,English,170000000,188578855,312719437
148,May 30 2012,Snow White and the Huntsman,127 minutes,Based on Folk Tale/Legend/Fairytale,Adventure,Live Action,Fantasy,Roth Films,United States,English,170000000,155136755,401021746
150,May 5 2004,Van Helsing,132 minutes,Original Screenplay,Action,Live Action,Historical Fiction,Sommers Company,United States,English,170000000,120150546,300150546
151,Mar 27 2019,Dumbo,130 minutes,Remake,Adventure,Animation/Live Action,Kids Fiction,"Walt Disney Pictures, Tim Burton, Infinite Detective, Secret Machine Entertainment",United States,English,170000000,114766307,353166307
152,May 29 2019,Godzilla: King of the Monsters,132 minutes,Original Screenplay,Action,Live Action,Science Fiction,"Warner Bros., Legendary Pictures, Toho Co, Huahua Film",United States,English,170000000,110500138,383299915
153,May 20 2015,Tomorrowland,129 minutes,Original Screenplay,Adventure,Live Action,Science Fiction,A113,United States,English,170000000,93436322,206627518
154,Feb 1 2019,Alita: Battle Angel,122 minutes,Based on Comic/Graphic Novel,Action,Animation/Live Action,Science Fiction,"20th Century Fox, Lightstorm Entertainment, Troublemaker Studios",United States,English,170000000,85838210,401900040
155,May 20 2016,Alice Through the Looking Glass,113 minutes,Based on Fiction Book/Short Story,Adventure,Animation/Live Action,Fantasy,"Walt Disney Pictures, Roth Films, Team Todd, Tim Burton",United States,English,170000000,77042381,276928112
156,Jun 1 2022,Jurassic World: Dominion,146 minutes,Original Screenplay,Action,Live Action,Science Fiction,Amblin Entertainment,United States,English,165000000,249796690,624945716
157,May 21 2010,Shrek Forever After,93 minutes,Based on Fiction Book/Short Story,Adventure,Digital Animation,Kids Fiction,DreamWorks Animation,United States,English,165000000,238736787,756244673
158,Oct 24 2016,Doctor Strange,115 minutes,Based on Comic/Graphic Novel,Action,Animation/Live Action,Super Hero,Marvel Studios,United States,English,165000000,232641920,676354481
159,Oct 25 2014,Big Hero 6,108 minutes,Original Screenplay,Adventure,Digital Animation,Super Hero,Walt Disney Animation Studios,United States,English,165000000,222527828,648415024
160,Mar 26 2010,How to Train Your Dragon,91 minutes,Based on Fiction Book/Short Story,Adventure,Digital Animation,Fantasy,DreamWorks Animation,United States,English,165000000,217581232,494870992
161,Nov 1 2012,Wreck-It Ralph,101 minutes,Original Screenplay,Adventure,Digital Animation,Kids Fiction,Walt Disney Animation Studios,United States,English,165000000,189412677,496511521
162,Nov 5 2014,Interstellar,165 minutes,Original Screenplay,Adventure,Live Action,Science Fiction,"Syncopy, Lynda Obst Productions",United States,English,165000000,188017894,651023006
163,Sep 15 2021,Dune,156 minutes,Based on Fiction Book/Short Story,Action,Live Action,Science Fiction,Legendary Pictures,United States,English,165000000,108327830,398763786
164,Jun 22 2016,Independence Day: Resurgence,119 minutes,Original Screenplay,Action,Live Action,Science Fiction,20th Century Fox,United States,English,165000000,103144286,384169424
165,Jul 29 2011,Cowboys and Aliens,118 minutes,Based on Comic/Graphic Novel,Action,Live Action,Science Fiction,"DreamWorks Pictures, Reliance BIG Entertainment, Imagine Entertainment, K/O Paper Products, Fairview Entertainment, Platinum Studios, Universal Pictures, Relativity Media",United States,"Apache, English",163000000,100368560,176038324
166,Mar 16 2017,Beauty and the Beast,123 minutes,Remake,Musical,Animation/Live Action,Fantasy,"Walt Disney Pictures, Mandeville Films",United States,English,160000000,504014165,1270818066
167,Jun 27 2019,Spider-Man: Far From Home,129 minutes,Based on Comic/Graphic Novel,Action,Live Action,Super Hero,"Columbia Pictures, Marvel Studios, Pascal Pictures",United States,English,160000000,390532085,1132532832
168,Dec 6 2018,Aquaman,143 minutes,Based on Comic/Graphic Novel,Action,Animation/Live Action,Super Hero,"Warner Bros., DC Films, RatPac Entertainment, The Safran Company, Cruel and Unusual Films, Mad Ghost Productions",United States,English,160000000,335061807,1143758700
169,May 17 2007,Shrek the Third,92 minutes,Based on Fiction Book/Short Story,Adventure,Digital Animation,Kids Fiction,"DreamWorks Animation, PDI",United States,English,160000000,322719944,807330936
170,Jul 16 2010,Inception,147 minutes,Original Screenplay,Thriller/Suspense,Animation/Live Action,Science Fiction,"Warner Bros., Legendary Pictures, Syncopy","United Kingdom, United States","English, French, Japanese",160000000,292576195,728582465
171,Nov 18 2015,The Hunger Games: Mockingjay - Part 2,136 minutes,Based on Fiction Book/Short Story,Thriller/Suspense,Live Action,Science Fiction,"Lionsgate, Color Force",United States,English,160000000,281723902,648986787
172,May 17 2013,Fast and Furious 6,130 minutes,Based on Factual Book/Article,Action,Live Action,Contemporary Fiction,"Universal Pictures, Relativity Media, Original Film, One Race Films",United States,English,160000000,238679850,789300444
173,May 14 2014,Godzilla,123 minutes,Original Screenplay,Action,Live Action,Science Fiction,Legendary Pictures,United States,English,160000000,200676069,529076069
174,Jun 3 2011,X-Men: First Class,132 minutes,Based on Comic/Graphic Novel,Action,Live Action,Super Hero,"Marvel Studios, Dune Entertainment, Bad Hat Harry Productions, Donnersâ Company, Ingenious Media, Big Screen Prods","United Kingdom, United States",English,160000000,146408305,355408305
175,Dec 25 2008,The Curious Case of Benjamin Button,167 minutes,Based on Fiction Book/Short Story,Drama,Live Action,Historical Fiction,"Paramount Pictures, The Kennedy/Marshall Company",United States,English,160000000,127509326,329631958
176,Jul 14 2010,The Sorcerer's Apprentice,108 minutes,Based on Short Film,Adventure,Animation/Live Action,Fantasy,"Walt Disney Pictures, Jerry Bruckheimer, Saturn Films, Broken Road",United States,English,160000000,63150991,217986320
178,May 25 2016,Warcraft,123 minutes,Based on Game,Action,Live Action,Fantasy,"Universal Pictures, Legendary Pictures, Blizzard Entertainment, Atlas Entertainment",United States,English,160000000,47365290,438899824
180,Sep 29 2016,Deepwater Horizon,107 minutes,Based on Real Life Events,Thriller/Suspense,Live Action,Dramatization,"Participant Media, di Bonaventura Pictures, Summit Entertainment, Closest to the Hole, Leverage",United States,English,156000000,61433527,122603824
181,Dec 10 2010,The Chronicles of Narnia: The Voyage of the Dawâ¦,115 minutes,Based on Fiction Book/Short Story,Adventure,Animation/Live Action,Fantasy,"Walden Media, Fox 2000 Pictures","United Kingdom, United States",English,155000000,104386950,418186950
182,Mar 25 2021,Godzilla vs. Kong,113 minutes,Original Screenplay,Action,Live Action,Science Fiction,"Warner Bros., Legendary Pictures",United States,English,155000000,100916094,468064628
183,Jun 24 2015,Terminator: Genisys,126 minutes,Original Screenplay,Action,Live Action,Science Fiction,"Skydance Productions, Paramount Pictures",United States,English,155000000,89760956,432150894
184,Mar 16 2018,Pacific Rim: Uprising,111 minutes,Original Screenplay,Action,Live Action,Science Fiction,"Legendary Pictures, UpperRoom Entertainment Limited, Double Dare You, Universal Pictures",United States,English,155000000,59874525,290930148
185,Nov 24 2004,Alexander,175 minutes,Based on Real Life Events,Action,Live Action,Dramatization,"Intermedia Film, Moritz Borman, IMF","France, Netherlands, United Kingdom",English,155000000,34297191,167297191
186,Jul 14 2017,War for the Planet of the Apes,142 minutes,Original Screenplay,Action,Animation/Live Action,Science Fiction,"20th Century Fox, Chernin Entertainment",United States,English,152000000,146880162,489592267
187,May 25 2001,Pearl Harbor,182 minutes,Based on Real Life Events,Action,Live Action,Dramatization,"Touchstone Pictures, Jerry Bruckheimer",United States,"English, Japanese",151500000,198539855,449239853
188,Jul 2 2007,Transformers,142 minutes,Based on TV,Action,Animation/Live Action,Science Fiction,"DreamWorks Pictures, Paramount Pictures, Hasbro Studios, di Bonaventura Pictures",United States,English,151000000,319246193,708272592
189,Nov 20 2019,Frozen II,103 minutes,Based on Folk Tale/Legend/Fairytale,Adventure,Digital Animation,Kids Fiction,Walt Disney Animation Studios,United States,English,150000000,477373578,1445182280
190,May 29 2017,Wonder Woman,141 minutes,Based on Comic/Graphic Novel,Action,Live Action,Super Hero,"Warner Bros., Atlas Entertainment, Cruel and Unusual Films, RatPac Entertainment, Dune Entertainment, Tencent Pictures , Wanda Pictures",United States,English,150000000,412563408,818058221
191,Nov 22 2013,Frozen,102 minutes,Based on Folk Tale/Legend/Fairytale,Musical,Digital Animation,Kids Fiction,Walt Disney Animation Studios,United States,English,150000000,400953009,1264377166
192,Feb 10 2016,Zootopia,108 minutes,Original Screenplay,Adventure,Digital Animation,Kids Fiction,"Walt Disney Pictures, Walt Disney Animation Studios",United States,English,150000000,341268248,1004629935
193,Jul 11 2007,Harry Potter and the Order of the Phoenix,138 minutes,Based on Fiction Book/Short Story,Adventure,Animation/Live Action,Fantasy,Heyday Films,"United Kingdom, United States",English,150000000,292137260,939619849
194,Nov 18 2005,Harry Potter and the Goblet of Fire,150 minutes,Based on Fiction Book/Short Story,Adventure,Animation/Live Action,Fantasy,"Warner Bros., Heyday Films","United Kingdom, United States",English,150000000,290201752,886746240
195,May 15 2003,The Matrix Reloaded,138 minutes,Original Screenplay,Action,Animation/Live Action,Science Fiction,"Warner Bros., Village Roadshow Productions, NPV Entertainment, Silver Pictures","Australia, United States",English,150000000,281553689,738576929
196,Dec 14 2007,I am Legend,100 minutes,Based on Fiction Book/Short Story,Horror,Live Action,Science Fiction,"Village Roadshow Productions, Weed Road Pictures, Overbrook Entertainment",United States,English,150000000,256393010,585532684
197,Jan 27 2016,Moana,113 minutes,Original Screenplay,Musical,Digital Animation,Kids Fiction,"Walt Disney Animation Studios, Walt Disney Pictures",United States,English,150000000,248757044,634965560
198,Jul 1 2008,Hancock,92 minutes,Original Screenplay,Action,Live Action,Super Hero,"Columbia Pictures, Relativity Media, Blue Light, Weed Road Pictures, Overbrook Entertainment",United States,English,150000000,227946274,624234272
199,Sep 1 2021,Shang-Chi and the Legend of the Ten Rings,132 minutes,Based on Comic/Graphic Novel,Action,Live Action,Super Hero,Marvel Studios,United States,English,150000000,224543292,432243292
200,Jul 15 2005,Charlie and the Chocolate Factory,115 minutes,Remake,Adventure,Live Action,Kids Fiction,"Village Roadshow Productions, Warner Bros., Zancuk Company, Plan B Entertainment",United States,English,150000000,206459076,475825484
201,Jun 29 2007,Ratatouille,110 minutes,Original Screenplay,Adventure,Digital Animation,Kids Fiction,"Walt Disney Pictures, Disney-Pixar",United States,English,150000000,206445654,626549695
202,Oct 30 2013,Thor: The Dark World,111 minutes,Based on Comic/Graphic Novel,Action,Live Action,Super Hero,"Marvel Studios, Kevin Feige",United States,English,150000000,206362140,644602516
203,Jun 15 2005,Batman Begins,140 minutes,Based on Comic/Graphic Novel,Action,Live Action,Super Hero,Legendary Pictures,United States,English,150000000,205343774,358858124
204,Jul 29 2015,Mission: ImpossibleâRogue Nation,131 minutes,Based on TV,Action,Live Action,Contemporary Fiction,"Bad Robot, Skydance Productions, Tom Cruise Productions, Paramount Pictures",United States,English,150000000,195042377,688858992
205,Jul 18 2017,Dunkirk,107 minutes,Original Screenplay,Action,Live Action,Dramatization,"Warner Bros., Syncopy, RatPac Entertainment, Dune Entertainment","France, Netherlands, United Kingdom, United States",English,150000000,190068280,518058826
206,Apr 29 2011,Thor,113 minutes,Based on Comic/Graphic Novel,Action,Live Action,Super Hero,"Marvel Studios, Paramount Pictures, Marvel Entertainment",United States,English,150000000,181030624,449326618
207,Nov 7 2008,Madagascar: Escape 2 Africa,89 minutes,Original Screenplay,Adventure,Digital Animation,Kids Fiction,DreamWorks Animation,United States,English,150000000,180174880,599680774
208,May 1 2009,X-Men Origins: Wolverine,107 minutes,Spin-Off,Action,Live Action,Super Hero,"20th Century Fox, Marvel Studios, Dune Entertainment, Donnersâ Company, Seed Productions",United States,English,150000000,179883157,374825760
209,May 22 2009,Night at the Museum: Battle of the Smithsonian,105 minutes,Based on Fiction Book/Short Story,Adventure,Live Action,Fantasy,"Twentieth Century Fox, 1492 Pictures",United States,English,150000000,177243721,402231063
210,May 26 2011,Kung Fu Panda 2,90 minutes,Original Screenplay,Adventure,Digital Animation,Kids Fiction,DreamWorks Animation,United States,English,150000000,165249063,664837547
211,May 14 2015,Mad Max: Fury Road,120 minutes,Original Screenplay,Action,Live Action,Science Fiction,Kennedy Miller Mitchell Productions,United States,English,150000000,153636354,367457874
212,May 3 2019,PokÃ©mon: Detective Pikachu,104 minutes,Based on Game,Adventure,Animation/Live Action,Kids Fiction,"Warner Bros., Legendary Pictures, Toho Co","Japan, United States",English,150000000,144105346,431344168
213,Nov 5 2003,The Matrix Revolutions,129 minutes,Original Screenplay,Action,Live Action,Science Fiction,EON Enterprises,United States,"English, French",150000000,139270910,427300260
214,Mar 20 2018,Ready Player One,140 minutes,Based on Fiction Book/Short Story,Adventure,Animation/Live Action,Science Fiction,"Warner Bros., Village Roadshow Productions, Amblin Entertainment, Dune Entertainment, De Line Pictures, Access Entertainment",United States,English,150000000,137690172,579055653
215,Nov 4 2005,Chicken Little,82 minutes,Original Screenplay,Adventure,Digital Animation,Kids Fiction,Walt Disney Animation Studios,United States,English,150000000,135386665,310043823
216,May 5 2006,Mission: Impossible III,126 minutes,Based on TV,Action,Live Action,Contemporary Fiction,Cruise-Wagner,United States,English,150000000,133501348,399387745
217,May 15 2009,Angels & Demons,138 minutes,Based on Fiction Book/Short Story,Thriller/Suspense,Live Action,Contemporary Fiction,"Columbia Pictures, Imagine Entertainment, Brian Grazer Productions, John Calley",United States,English,150000000,133375846,490875846
218,May 13 2004,Troy,162 minutes,Based on Fiction Book/Short Story,Action,Live Action,Historical Fiction,"Radiant Productions, Plan B Entertainment","Malta, United Kingdom, United States",English,150000000,133298577,483152040
219,Jul 1 2010,The Last Airbender,103 minutes,Based on TV,Adventure,Live Action,Fantasy,"Paramount Pictures, Nickelodeon Films, Blinding Edge Pictures, The Kennedy/Marshall Company",United States,English,150000000,131772187,319713881
220,Nov 2 2007,Bee Movie,90 minutes,Original Screenplay,Adventure,Digital Animation,Kids Fiction,"DreamWorks Animation, Columbus 81 Productions",United States,English,150000000,126631277,287594577
221,Jul 24 2009,G-Force,87 minutes,Original Screenplay,Adventure,Animation/Live Action,Kids Fiction,"Jerry Bruckheimer, Walt Disney Pictures",United States,English,150000000,119436770,292817841
